id,topic,bloom,stem,choice_a,choice_b,choice_c,choice_d,choice_e,correct,choice_a_rationale,choice_b_rationale,choice_c_rationale,choice_d_rationale,choice_e_rationale,embed_code
Q001,Reduction of Risk Potential,Apply,A nurse is assessing a client who underwent an abdominal hysterectomy 4 hours ago. Which finding requires immediate nursing follow-up?,Report of incision pain rated at 5 on a 0-to-10 scale,Urine output of 45 mL over the past 2 hours,Decreased bowel sounds in all four quadrants,Light pink drainage on the abdominal dressing,,B,"Incorrect. A pain rating of 5/10 is an expected finding 4 hours following major abdominal surgery and should be managed with prescribed analgesics, but it does not indicate immediate life-threatening physiological instability.","Correct. Urine output of 45 mL over 2 hours averages 22.5 mL/hr, which is below the minimum safe threshold of 30 mL/hr and indicates potential acute hypovolemia, urinary retention, or renal compromise requiring immediate follow-up.",Incorrect. Hypoactive or decreased bowel sounds are an expected normal finding 4 hours postoperatively due to surgical manipulation and anesthesia.,Incorrect. Serosanguinous (light pink) drainage on an abdominal dressing is an expected finding in the immediate postoperative period.,,
Q002,Reduction of Risk Potential,Analyze,"A nurse assesses an older adult client who is 12 hours postoperative. The client was alert and oriented upon admission but is now restless, disoriented to time and place, and attempting to climb over the bed rails. Which action should the nurse take first?",Obtain a prescription for soft wrist restraints,"Assess oxygen saturation, vital signs, and surgical site",Administer the prescribed PRN dose of an opioid analgesic,Reorient the client and dim the lights in the room,,B,Incorrect. Restraints are a last resort and applying them without first evaluating the underlying physiological cause of acute delirium delays critical care and increases injury risk.,"Correct. The nurse must first assess physiological status (oxygenation, vital signs, surgical site) to identify acute underlying causes of delirium such as hypoxia, internal hemorrhage, or infection before taking other interventions.","Incorrect. Administering analgesics without prior assessment could worsen sedation, respiratory depression, or delirium if the underlying cause is hypoxia rather than pain.","Incorrect. While reorientation and environmental modifications are helpful supportive nursing measures, physiological deterioration must be ruled out first through immediate assessment.",,
Q003,Safety and Infection Prevention and Control,Apply,A nurse is caring for an 82-year-old client on a medical unit. Which postoperative safety intervention is most effective in preventing fall-related injuries in this client?,Keep all four side rails in the raised position at all times,Implement a structured elimination schedule and ensure a clear pathway to the bathroom,Instruct the client to call for assistance only when experiencing severe pain,Maintain the bed in the high position to allow easier nurse transfer,,B,Incorrect. Raising all four side rails is classified as a physical restraint and increases the risk of serious injury if the client attempts to climb over them to reach the bathroom.,Correct. Proactive elimination rounding and removing environmental hazards directly address the primary causes of falls in hospitalized older adults (urgency and tripping hazards).,"Incorrect. Clients should be instructed to call for assistance whenever they need to get out of bed for any reason, not only when in severe pain.",Incorrect. The bed should always be kept in the lowest position when the nurse is not actively delivering care to minimize fall distance and trauma if an unassisted exit occurs.,,
Q004,Health Promotion and Maintenance,Understand,"When applying age-related considerations to the assessment of an older adult client, which principle guides the nurse's evaluation of clinical changes?","Pain perception is significantly diminished, so minor pain complaints can be ignored","Atypical presentations, such as sudden confusion or lethargy, often signal acute physical deterioration",Vital signs in older adults fluctuate rapidly before any physical cues appear,Acute changes in mental status are expected findings associated with normal aging,,B,"Incorrect. Pain is not a normal part of aging and minor pain complaints must never be ignored, as older adults may underreport pain or express it nonverbally.","Correct. Older adults frequently manifest acute physical illness (e.g., infection, hypoxia, myocardial infarction) through atypical signs like sudden confusion, functional decline, or lethargy rather than classic symptoms like high fever.",Incorrect. Older adults often show subtle behavioral or cognitive changes (atypical cues) before significant vital sign changes become evident.,Incorrect. Acute changes in mental status (delirium) are never a normal consequence of aging and always require immediate investigation for an underlying medical cause.,,
Q005,Reduction of Risk Potential,Apply,A nurse is performing a neurological assessment on a client admitted with a head injury. Which finding represents an acute cue of neurological deterioration that requires escalation?,Equal pupils measuring 3 mm that contract sluggishly to light,A drop in level of consciousness from alert to somnolent,Symmetric motor strength of 5/5 in all extremities,"Orientation to person, place, and time matching baseline",,B,"Incorrect. While sluggish pupils require monitoring, equal 3 mm pupils contracting to light show preserved direct light reflex, whereas a drop in level of consciousness is a far more sensitive early indicator of acute deterioration.",Correct. A decline in level of consciousness (LOC) is the single most sensitive early indicator of neurological deterioration and increasing intracranial pressure.,Incorrect. Symmetric 5/5 motor strength is an expected normal finding indicating intact motor pathways.,Incorrect. Orientation matching baseline indicates intact cognitive function and stability.,,
Q007,Physiological Adaptation,Understand,Which sequence of examination techniques should the nurse follow when conducting a physical assessment of the respiratory system?,"Auscultation, Inspection, Palpation, Percussion","Inspection, Palpation, Percussion, Auscultation","Palpation, Auscultation, Inspection, Percussion","Percussion, Inspection, Auscultation, Palpation",,B,Incorrect. Auscultation should not precede inspection and palpation in a standard respiratory examination because visual and tactile inspection provide essential contextual baseline data.,"Correct. The standard physical assessment order for non-abdominal body systems is visual Inspection, Palpation, Percussion, and finally Auscultation.",Incorrect. Palpation before inspection violates the fundamental principle of visually observing the patient and chest movement prior to physical contact.,Incorrect. Percussion should never precede visual inspection or tactile palpation.,,
Q008,Physiological Adaptation,Apply,"A nurse enters a client's room and notices from the doorway that the client is sitting in a tripod position, breathing rapidly with visible accessory muscle use, and appears anxious. What is the nurse's priority action?",Leave the room to find the assigned provider immediately,Place the client in a high-Fowler position and perform a focused respiratory reassessment,Obtain a full 14-system health history from the family member at the bedside,Review the client's past medical history in the electronic medical record,,B,Incorrect. The nurse should never leave an acutely distressed client alone; immediate bed position adjustment and bedside assessment must occur first.,"Correct. Positioning the client in high-Fowler facilitates maximal chest expansion and diaphragm movement, while performing an immediate focused respiratory assessment gathers essential physiological data to guide urgent care.",Incorrect. Taking a lengthy health history delays immediate life-saving airway and breathing interventions.,Incorrect. Reviewing medical records while the client is in active distress neglects immediate bedside assessment and intervention needs.,,
Q009,Reduction of Risk Potential,Analyze,"A nurse compares two neurological assessment records for a client over a 4-hour shift. At 0800, the client was oriented x3, with pupils equal and reactive at 4 mm, and right arm strength 5/5. At 1200, the client responds to voice but is disoriented to time, the left pupil is 5 mm and sluggish, and right arm strength is 3/5. How should the nurse interpret these findings?",Expected subtle fluctuations throughout a typical hospital shift,Cues of acute neurological deterioration requiring immediate reporting,Findings indicating normal age-related neurological variation,Improvement in overall baseline neurological status,,B,"Incorrect. New disorientation, unilateral pupillary dilation/sluggishness, and focal motor weakness represent acute pathological deterioration, not normal shift variations.","Correct. The combination of declining level of consciousness/orientation, new pupillary inequality/sluggishness, and new focal motor deficit (arm weakness) clearly indicates acute neurological compromise requiring immediate medical escalation.","Incorrect. Acute focal neurological deficits and pupil changes are signs of underlying pathology (e.g., increased intracranial pressure or stroke), never normal aging.","Incorrect. Decreased orientation, sluggish pupil, and reduced muscle strength represent marked clinical worsening, not improvement.",,
Q010,Physiological Adaptation,Evaluate,"A nurse administers a prescribed non-opioid analgesic to a postoperative client who reported incision pain rated at 7 on a 0-to-10 scale. Sixty minutes after intervention, the nurse reassesses the client. Which finding indicates that the intervention was effective?",The client is sleeping but wakes up reporting a pain score of 8/10,The client's respiratory rate is 10 breaths/minute with shallow depth,The client reports a pain rating of 2/10 and is resting comfortably in bed,The client's blood pressure increases from 120/70 mm Hg to 150/90 mm Hg,,C,Incorrect. An increase in pain score from 7/10 to 8/10 indicates that the pain intervention was ineffective and pain has intensified.,"Incorrect. A respiratory rate of 10 breaths/min indicates respiratory depression/bradypnea rather than effective pain relief, requiring clinical evaluation.",Correct. A reduction in pain score from 7/10 to 2/10 along with a relaxed appearance confirms effective pain management and achievement of comfort.,Incorrect. An elevated blood pressure indicates physiological stress or pain escalation rather than effective analgesia.,,
